noise_level,a_relative_error_percent_mean,a_relative_error_percent_std,b_relative_error_percent_mean,b_relative_error_percent_std
0.0,0.45761163630227564,0.5321897819477299,1.4602493372728913,1.765456054732223
0.05,2.2832739972053564,1.8108627967839281,6.595482233834258,5.371558747516753
0.1,3.613765532370612,2.424902938320239,10.586092764678389,6.669024089761764
0.2,5.7328243107483825,4.345349601721346,15.945248191145547,12.100861253673
