dataset,protocol,model,R2_mean,R2_std,RMSE_mean,RMSE_std,MAE_mean,MAE_std,MAAPE_mean,MAAPE_std,rank_by_rmse
w7m28x23kw,leave_one_joint_type_out,RealMLP_2021,-0.9149137338002524,1.7839805181713575,19.056573036318625,8.582720957446535,15.066617965698242,11.022309852473803,0.5443961173295975,0.2640308314268304,1
